term,lev,sd
full,50,47148.9468029648
sym,50,1
asym,50,1
full,700,18749.2895526717
sym,700,1
asym,700,1
