term,lev,norm
full,50,47148.9468029648
full,700,18749.2895526717
asym,50,272274.946762244
sym,50,57023.5200865077
asym,700,96954.3130838683
sym,700,23244.3442544928
